cycle_name,reviewer_employee_number,subject_employee_number,approver_employee_number,status
Q4 2024 Performance Reviews,E0003,E0004,E0003,ACTIVE
Q4 2024 Performance Reviews,E0004,E0005,E0003,ACTIVE
Q4 2024 Performance Reviews,E0004,E0006,E0003,ACTIVE
Q4 2024 Performance Reviews,E0004,E0007,E0003,ACTIVE
Q4 2024 Performance Reviews,E0004,E0008,E0003,ACTIVE
Q4 2024 Performance Reviews,E0004,E0009,E0003,ACTIVE
Q4 2024 Performance Reviews,E0004,E0010,E0003,ACTIVE
Q4 2024 Performance Reviews,E0004,E0011,E0003,ACTIVE
Q4 2024 Performance Reviews,E0004,E0012,E0003,ACTIVE
Q4 2024 Performance Reviews,E0004,E0013,E0003,ACTIVE
Q4 2024 Performance Reviews,E0007,E0014,E0004,ACTIVE
Q4 2024 Performance Reviews,E0014,E0015,E0007,ACTIVE
Q4 2024 Performance Reviews,E0014,E0016,E0007,ACTIVE
Q4 2024 Performance Reviews,E0014,E0017,E0007,ACTIVE
Q4 2024 Performance Reviews,E0014,E0018,E0007,ACTIVE
Q4 2024 Performance Reviews,E0014,E0019,E0007,ACTIVE
Q4 2024 Performance Reviews,E0014,E0020,E0007,ACTIVE
Q4 2024 Performance Reviews,E0014,E0021,E0007,ACTIVE
Q4 2024 Performance Reviews,E0014,E0022,E0007,ACTIVE
Q4 2024 Performance Reviews,E0014,E0023,E0007,ACTIVE
Q4 2024 Performance Reviews,E0017,E0024,E0014,ACTIVE
Q4 2024 Performance Reviews,E0024,E0025,E0017,ACTIVE
Q4 2024 Performance Reviews,E0024,E0026,E0017,ACTIVE
Q4 2024 Performance Reviews,E0024,E0027,E0017,ACTIVE
Q4 2024 Performance Reviews,E0024,E0028,E0017,ACTIVE
Q4 2024 Performance Reviews,E0024,E0029,E0017,ACTIVE
Q4 2024 Performance Reviews,E0024,E0030,E0017,ACTIVE
Q4 2024 Performance Reviews,E0024,E0031,E0017,ACTIVE
Q4 2024 Performance Reviews,E0024,E0032,E0017,ACTIVE
Q4 2024 Performance Reviews,E0024,E0033,E0017,ACTIVE
Q4 2024 Performance Reviews,E0024,E0034,E0017,ACTIVE
Q4 2024 Performance Reviews,E0034,E0035,E0024,ACTIVE
Q4 2024 Performance Reviews,E0034,E0036,E0024,ACTIVE
Q4 2024 Performance Reviews,E0034,E0037,E0024,ACTIVE
Q4 2024 Performance Reviews,E0034,E0038,E0024,ACTIVE
Q4 2024 Performance Reviews,E0034,E0039,E0024,ACTIVE
Q4 2024 Performance Reviews,E0034,E0040,E0024,ACTIVE
Q4 2024 Performance Reviews,E0034,E0041,E0024,ACTIVE
Q4 2024 Performance Reviews,E0034,E0042,E0024,ACTIVE
Q4 2024 Performance Reviews,E0034,E0043,E0024,ACTIVE
Q4 2024 Performance Reviews,E0039,E0044,E0034,ACTIVE
Q4 2024 Performance Reviews,E0044,E0045,E0039,ACTIVE
Q4 2024 Performance Reviews,E0044,E0046,E0039,ACTIVE
Q4 2024 Performance Reviews,E0044,E0047,E0039,ACTIVE
Q4 2024 Performance Reviews,E0044,E0048,E0039,ACTIVE
Q4 2024 Performance Reviews,E0044,E0049,E0039,ACTIVE
Q4 2024 Performance Reviews,E0044,E0050,E0039,ACTIVE
Q4 2024 Performance Reviews,E0044,E0051,E0039,ACTIVE
Q4 2024 Performance Reviews,E0044,E0052,E0039,ACTIVE
Q4 2024 Performance Reviews,E0044,E0053,E0039,ACTIVE
Q4 2024 Performance Reviews,E0045,E0054,E0044,ACTIVE
Q4 2024 Performance Reviews,E0054,E0055,E0045,ACTIVE
Q4 2024 Performance Reviews,E0054,E0056,E0045,ACTIVE
Q4 2024 Performance Reviews,E0054,E0057,E0045,ACTIVE
Q4 2024 Performance Reviews,E0054,E0058,E0045,ACTIVE
Q4 2024 Performance Reviews,E0054,E0059,E0045,ACTIVE
Q4 2024 Performance Reviews,E0054,E0060,E0045,ACTIVE
Q4 2024 Performance Reviews,E0054,E0061,E0045,ACTIVE
Q4 2024 Performance Reviews,E0054,E0062,E0045,ACTIVE
Q4 2024 Performance Reviews,E0054,E0063,E0045,ACTIVE
Q4 2024 Performance Reviews,E0058,E0064,E0054,ACTIVE
Q4 2024 Performance Reviews,E0064,E0065,E0058,ACTIVE
Q4 2024 Performance Reviews,E0064,E0066,E0058,ACTIVE
Q4 2024 Performance Reviews,E0064,E0067,E0058,ACTIVE
Q4 2024 Performance Reviews,E0064,E0068,E0058,ACTIVE
Q4 2024 Performance Reviews,E0064,E0069,E0058,ACTIVE
Q4 2024 Performance Reviews,E0064,E0070,E0058,ACTIVE
Q4 2024 Performance Reviews,E0064,E0071,E0058,ACTIVE
Q4 2024 Performance Reviews,E0064,E0072,E0058,ACTIVE
Q4 2024 Performance Reviews,E0064,E0073,E0058,ACTIVE
Q4 2024 Performance Reviews,E0071,E0074,E0064,ACTIVE
Q4 2024 Performance Reviews,E0074,E0075,E0071,ACTIVE
Q4 2024 Performance Reviews,E0074,E0076,E0071,ACTIVE
Q4 2024 Performance Reviews,E0074,E0077,E0071,ACTIVE
Q4 2024 Performance Reviews,E0074,E0078,E0071,ACTIVE
Q4 2024 Performance Reviews,E0074,E0079,E0071,ACTIVE
Q4 2024 Performance Reviews,E0074,E0080,E0071,ACTIVE
Q4 2024 Performance Reviews,E0074,E0081,E0071,ACTIVE
Q4 2024 Performance Reviews,E0074,E0082,E0071,ACTIVE
Q4 2024 Performance Reviews,E0074,E0083,E0071,ACTIVE
Q4 2024 Performance Reviews,E0076,E0084,E0074,ACTIVE
Q4 2024 Performance Reviews,E0084,E0085,E0076,ACTIVE
Q4 2024 Performance Reviews,E0084,E0086,E0076,ACTIVE
Q4 2024 Performance Reviews,E0084,E0087,E0076,ACTIVE
Q4 2024 Performance Reviews,E0084,E0088,E0076,ACTIVE
Q4 2024 Performance Reviews,E0084,E0089,E0076,ACTIVE
Q4 2024 Performance Reviews,E0084,E0090,E0076,ACTIVE
Q4 2024 Performance Reviews,E0084,E0091,E0076,ACTIVE
Q4 2024 Performance Reviews,E0084,E0092,E0076,ACTIVE
Q4 2024 Performance Reviews,E0084,E0093,E0076,ACTIVE
Q4 2024 Performance Reviews,E0091,E0094,E0084,ACTIVE
Q4 2024 Performance Reviews,E0051,E0095,E0044,ACTIVE
Q4 2024 Performance Reviews,E0085,E0096,E0084,ACTIVE
Q4 2024 Performance Reviews,E0005,E0097,E0004,ACTIVE
Q4 2024 Performance Reviews,E0071,E0098,E0064,ACTIVE
Q4 2024 Performance Reviews,E0006,E0099,E0004,ACTIVE
Q4 2024 Performance Reviews,E0051,E0100,E0044,ACTIVE
